,,,Assay Plate,Mutant,Yield,Dilution,Kcat,Kcat_SE,kcat/kcat_WT,,,,,,,,,,,,,,,,,,,,,,,,
,,,25,E164A,0.42,0.1,0.191,0.006911,0.000,,,,,,,,,,,,,,,,,,,,,,,,
,,,29,w399s,1.5,0.1,0.212,0.034980,0.000,,,,,,,,,,,,,,,,,,,,,,,,
,,,6,W399A *,0.957,0.1,0.235,0.012213,0.000,,,,,,,,,,,,,,,,,,,,,,,,
,,,7,Y295A ,0.69,0.1,0.248,0.030373,0.000,,,,,,,,,,,,,,,,,,,,,,,,
,,,26,Q19A*,0.257,0.1,0.361,0.033516,0.000,,,,,,,,,,,,,,,,,,,,,,,,
,,,10,G355A ,0.165,0.1,1.027,0.070915,0.001,,,,,,,,,,,,,,,,,37,355, ,,,,,
,,,1,P329W *,0.465,0.1,0.399,0.050470,0.001,,,,,,,,,,,,,,,,,,,,,,,,
,,,18,C167N+W120R,0.244,0.1,0.406,0.072940,0.001,,,,,,,,,,,,,,,,,,,,,,,,
,,,12,Q22S *,0.431,0.1,0.721,0.084530,0.001,,,,,,,,,,,,,,,,,,,,,,,,
,,,18,N220D+N293D,0.206,0.1,0.861,0.048185,0.001,,,,,,,,,,,,,,,,,,,,,,,,
,,,9,F415A *,0.525,0.1,1.323,0.108776,0.002,,,,,,,,,,,,,,,,,,,,,,,,
,,,11,H122N ,1.023,0.1,1.899,0.067163,0.003,,,,,,,,,,,,,,,,,,,,,,,,
,,,12,W402C *,0.847,0.1,2.423,0.090688,0.003,,,,,,,,,,,,,,,,,,,,,,,,
,,,29,w399c,1,0.1,2.963,0.224240,0.004,,,,,,,,,,,,,,,,,,,,,,,,
,,,6,N354A *,0.342,0.1,3.014,0.093557,0.004,,,,,,,,,,,,,,,,,,,,,,,,
,,,6,N404A *,1.413,0.1,3.705,0.048932,0.005,,,,,,,,,,,,,,,,,,,,,,,,
,,,5,V147S *,0.232,0.1,4.558,0.120057,0.006,,,,,,,,,,,,,,,,,,,,,,,,
,,,5,N163A ,0.737,0.1,6.662,0.158923,0.009,,,,,,,,,,,,,,,,,,,,,,,,
,,,4,W328C *,0.22,0.1,10.454,0.330900,0.014,,,,,,,,,,,,,,,,,,,,,,,,
,,,14,N166D *,1.194,0.01,11.139,0.283888,0.015,,,,,,,,,,,,,,,,,,,,,,,,
,,,32,E222Y,0.7,0.01,11.448,0.631320,0.016,,,,,,,,,,,,,,,,,,,,,,,,
,,,26,N293A*,0.682,0.1,12.470,0.175309,0.017,,,,,,,,,,,,,,,,,,,,,,,,
,,,32,N163D,0.9,0.01,12.826,0.487768,0.017,,,,,,,,,,,,,,,,,,,,,,,,
,,,15,Y169P *,0.176,0.1,25.210,1.172000,0.034,,,,,,,,,,,,,,,,,,,,,,,,
,,,32,N163C,1.1,0.01,25.840,0.402700,0.035,,,,,,,,,,,,,,,,,,,,,,,,
,,,26,W325A*,0.255,0.1,29.410,0.888000,0.040,,,,,,,,,,,,,,,,,,,,,,,,
,,,11,W328H *,1.12,0.01,34.923,1.171000,0.048,,,,,,,,,,,,,,,,,,,,,,,,
,,,19,E406D ,0.271,0.1,39.103,1.254067,0.053,,,,,,,,,,,,,,,,,,,,,,,,
,,,14,N407A  ,1.125,0.01,49.211,0.809400,0.067,,,,,,,,,,,,,,,,,,,,,,,,
,,,7,T352A *,0.7,0.01,59.514,2.405917,0.081,,,,,,,,,,,,,,,,,,,,,,,,
,,,30,w120h,1,0.01,84.075,2.404249,0.115,,,,,,,,,,,,,,,,,,,,,,,,
,,,25,E222A*,0.29,0.01,89.880,4.265000,0.122,,,,,,,,,,,,,,,,,,,,,,,,
,,,13,W328L *,0.84,0.01,106.679,3.213000,0.145,,,,,,,,,,,,,,,,,,,,,,,,
,,,31,E222K,0.5,0.01,108.000,3.146000,0.147,,,,,,,,,,,,,,,,,,,,,,,,
,,,18,W325L ,1.305,0.01,108.500,1.265000,0.148,,,,,,,,,,,,,,,,,,,,,,,,
,,,23,T296A *,0.39,0.01,109.400,2.347000,0.149,,,,,,,,,,,,,,,,,,,,,,,,
,,,24,H178A ,0.251,0.01,110.800,2.843000,0.151,,,,,,,,,,,,,,,,,,,,,,,,
,,,17,N223H *,1.118,0.01,122.600,1.338000,0.167,,,,,,,,,,,,,,,,,,,,,,,,
,,,9,H119A ,1.213,0.01,143.200,5.603000,0.195,,,,,,,,,,,,,,,,,,,,,,,,
,,,11,M223G ,0.881,0.01,143.726,8.051000,0.196,,,,,,,,,,,,,,,,,,,,,,,,
,,,14,S19A * ,0.828,0.01,154.044,1.375000,0.210,,,,,,,,,,,,,,,,,,,,,,,,
,,,31,E222H,0.7,0.01,160.400,2.646000,0.219,,,,,,,,,,,,,,,,,,,,,,,,
,,,8,Y294A *,0.591,0.01,160.400,2.283000,0.219,,,,,,,,,,,,,,,,,,,,,,,,
,,,4,Y18A *,0.172,0.1,196.527,9.293000,0.268,,,,,,,,,,,,,,,,,,,,,,,,
,,,9,L219A *,0.473,0.01,197.505,3.940000,0.269,,,,,,,,,,,,,,,,,,,,,,,,
,,,15,I247N *,0.207,0.01,271.400,3.686000,0.370,,,,,,,,,,,,,,,,,,,,,,,,
,,,31,R240D,0.8,0.01,282.300,3.789000,0.385,,,,,,,,,,,,,,,,,,,,,,,,
,,,7,S14A *,0.601,0.01,320.475,11.350000,0.437,,,,,,,,,,,,,,,,,,,,,,,,
,,,33,WT12,0.843,0.01,353.700,10.380000,0.482,,,,,,,,,,,,,,,,,,,,,,,,
,,,3,Q284R *,0.516,0.01,369.766,15.390000,0.504,,,,,,,,,,,,,,,,,,,,,,,,
,,,25,C167A *,0.376,0.01,399.100,7.631000,0.544,,,,,,,,,,,,,,,,,,,,,,,,
,,,15,L174R *,1.065,0.01,403.500,6.717000,0.550,,,,,,,,,,,,,,,,,,,,,,,,
,,,24,N220A *,0.615,0.01,404.900,8.165000,0.552,,,,,,,,,,,,,,,,,,,,,,,,
,,,24,M323A *,0.348,0.01,415.600,10.580000,0.566,,,,,,,,,,,,,,,,,,,,,,,,
,,,13,M361T *,0.621,0.01,436.149,11.150000,0.594,,,,,,,,,,,,,,,,,,,,,,,,
,,,6,T218A *,0.977,0.01,464.400,18.470000,0.633,,,,,,,,,,,,,,,,,,,,,,,,
,,,20,W120F ,0.777,0.01,471.800,20.560000,0.643,,,,,,,,,,,,,,,,,,,,,,,,
,,,4,S17A *,0.654,0.01,485.728,54.970000,0.662,,,,,,,,,,,,,,,,,,,,,,,,
,,,32,I244E,0.6,0.01,496.600,23.220000,0.677,,,,,,,,,,,,,,,,,,,,,,,,
,,,19,C167Q ,0.938,0.01,498.900,5.015000,0.680,,,,,,,,,,,,,,,,,,,,,,,,
,,,22,S400A *,0.41,0.01,530.700,8.900000,0.723,,,,,,,,,,,,,,,,,,,,,,,,
,,,3,T178R *,0.762,0.01,534.458,36.860000,0.728,,,,,,,,,,,,,,,,,,,,,,,,
,,,21,C167A *,0.579,0.01,540.700,13.940000,0.737,,,,,,,,,,,,,,,,,,,,,,,,
,,,7,M221A *,0.73,0.01,553.774,13.390000,0.755,,,,,,,,,,,,,,,,,,,,,,,,
,,,17,E180K *,0.953,0.01,554.900,7.277000,0.756,,,,,,,,,,,,,,,,,,,,,,,,
,,,27,WT10 *,0.271,0.01,572.000,6.406000,0.780,,,,,,,,,,,,,,,,,,,,,,,,
,,,20,Q313R *,0.69,0.01,573.700,2.869000,0.782,,,,,,,,,,,,,,,,,,,,,,,,
,,,12,F75A ,0.437,0.01,613.346,8.381000,0.836,,,,,,,,,,,,,,,,,,,,,,,,
,,,19,E17S ,1.006,0.01,641.200,9.326000,0.874,,,,,,,,,,,,,,,,,,,,,,,,
,,,1,WT5 *,1.262,0.01,644.651,36.550000,0.879,,,,,,,,,,,,,,,,,,,,,,,,
,,,11,E426S ,1.079,0.01,645.700,12.310000,0.880,,,,,,,,,,,,,,,,,,,,,,,,
,,,31,E222Q,1.3,0.01,667.600,11.270000,0.910,,,,,,,,,,,,,,,,,,,,,,,,
,,,17,E180L *,0.765,0.01,680.400,9.386000,0.927,,,,,,,,,,,,,,,,,,,,,,,,
,,,12,V55G *,0.967,0.01,687.495,13.010000,0.937,,,,,,,,,,,,,,,,,,,,,,,,
,,,1,WT2  *,0.878,0.01,691.061,23.340000,0.942,,,,,,,,,,,,,,,,,,,,,,,,
,,,16,I303N *,1.513,0.01,693.400,12.740000,0.945,,,,,,,,,,,,,,,,,,,,,,,,
,,,2,WT3  *,2.098,0.01,695.690,8.645000,0.948,,,,,,,,,,,,,,,,,,,,,,,,
,,,5,H373R *,1.193,0.01,707.355,9.122000,0.964,,,,,,,,,,,,,,,,,,,,,,,,
,,,5,A357A ,1.924,0.01,709.478,17.080000,0.967,,,,,,,,,,,,,,,,,,,,,,,,
,,,14,WT 7 *,0.912,0.01,731.525,16.120000,0.997,,,,,,,,,,,,,,,,,,,,,,,,
,,,17,Y297F *,0.733,0.01,734.900,10.710000,1.002,,,,,,,,,,,,,,,,,,,,,,,,
,,,8,A356A *,0.744,0.01,799.800,11.750000,1.090,,,,,,,,,,,,,,,,,,,,,,,,
,,,15,T178R *,0.86,0.01,801.300,8.253000,1.092,,,,,,,,,,,,,,,,,,,,,,,,
,,,16,Q316R ,1.442,0.01,804.800,5.964000,1.097,,,,,,,,,,,,,,,,,,,,,,,,
,,,24,L171A *,0.376,0.01,806.800,9.314000,1.100,,,,,,,,,,,,,,,,,,,,,,,,
,,,30,s298e,1.1,0.01,809.200,1.865000,1.103,,,,,,,,,,,,,,,,,,,,,,,,
,,,20,WT 8 *,1.167,0.01,810.400,6.003000,1.104,,,,,,,,,,,,,,,,,,,,,,,,
,,,16,S334A *,0.893,0.01,816.800,5.381000,1.113,,,,,,,,,,,,,,,,,,,,,,,,
,,,9,K413A ,1.108,0.01,834.786,32.620000,1.138,,,,,,,,,,,,,,,,,,,,,,,,
,,,8,I91E *,0.487,0.01,846.100,34.990000,1.153,,,,,,,,,,,,,,,,,,,,,,,,
,,,30,wt11,1.3,0.01,855.700,35.810000,1.166,,,,,,,,,,,,,,,,,,,,,,,,
,,,2,E154D *,1.423,0.01,878.119,46.720000,1.197,,,,,,,,,,,,,,,,,,,,,,,,
,,,23,WT9  *,0.468,0.01,884.300,9.259000,1.205,,,,,,,,,,,,,,,,,,,,,,,,
,,,30,r240k,1.4,0.01,898.300,58.700000,1.224,,,,,,,,,,,,,,,,,,,,,,,,
,,,10,WT6 *,1.465,0.01,915.700,12.080000,1.248,,,,,,,,,,,,,,,,,,,,,,,,
,,,3,WT4  *,1.977,0.01,916.301,13.500000,1.249,,,,,,,,,,,,,,,,,,,,,,,,
,,,16,A195S *,1.168,0.01,946.900,8.267000,1.291,,,,,,,,,,,,,,,,,,,,,,,,
,,,10,E177A ,0.96,0.01,986.200,9.964000,1.344,,,,,,,,,,,,,,,,,,,,,,,,
,,,13,K344A *,0.916,0.01,"1,045.894",16.790000,1.425,,,,,,,,,,,,,,,,,,,,,,,,
,,,8,H178A*,1.027,0.01,"1,059.000",16.190000,1.443,,,,,,,,,,,,,,,,,,,,,,,,
,,,10,A408A ,0.804,0.01,"1,468.000",27.390000,2.001,,,,,,,,,,,,,,,,,,,,,,,,
,,,22,R240A*,1.108,0.01,"7,260.000",385.300000,9.895,,,,,,,,,,,,,,,,,,,,,,,,
,,,,,,,,,,,,,,,,,,,,,,,,,,,,,,,,,
,,,,,,,,,,,,,,,,,,,,,,,,,,,,,,,,,
,,,,,,,,,,,,,,,,,,,,,,,,,,,,,,,,,
,,,,,,,,,,,,,,,,,,,,,,,,,,,,,,,,,
,,,,,,,,,,,,,,,,,,,,,,,,,,,,,,,,,
,,,,,,,,,,,,,,,,,,,,,,,,,,,,,,,,,
,,,,,,,,,,,,,,,,,,,,,,,,,,,,,,,,,
,,,,,,,,,,,,,,,,,,,,,,,,,,,,,,,,,
,,,,,,,,,,,,,,,,,,,,,,,,,,,,,,,,,
,,,,,,,,,,,,,,,,,,,,,,,,,,,,,,,,,